{"sum": 608210.0, "avr": 558.5032139577594, "sumMD": 20153.0, "avrMD": 610.6969696969697, "sumSD": 18639.0, "avrSD": 564.8181818181819, "max": 998.0, "min": 103.0}